Kevin Magnussen,2015,14,2015-03-29,1
Lewis Hamilton,2015,41,2015-10-04,102
Max Verstappen,2015,16,2015-04-12,6
Kimi Raikkonen,2015,10,2015-03-01,4
Valtteri Bottas,2016,17,2016-04-17,8
Nico Hulkenberg,2015,19,2015-05-03,8
Valtteri Bottas,2015,53,2015-12-27,2
Jolyon Palmer,2016,22,2016-05-22,32
Daniil Kvyat,2016,5,2016-01-24,6
Lewis Hamilton,2016,5,2016-01-24,7
Kimi Raikkonen,2015,8,2015-02-15,8
Valtteri Bottas,2016,15,2016-04-03,3
Daniil Kvyat,2015,41,2015-10-04,30
Carlos Sainz,2015,42,2015-10-11,21
Valtteri Bottas,2015,16,2015-04-12,11
Rio Haryanto,2016,9,2016-02-21,21
Kevin Magnussen,2015,53,2015-12-27,1
Felipe Nasr,2015,25,2015-06-14,20
Romain Grosjean,2015,50,2015-12-06,2
Max Verstappen,2015,12,2015-03-15,3
Felipe Nasr,2015,27,2015-06-28,25
Daniil Kvyat,2015,39,2015-09-20,58
Kevin Magnussen,2015,12,2015-03-15,4
Lewis Hamilton,2015,43,2015-10-18,36
Fernando Alonso,2016,13,2016-03-20,76
Lewis Hamilton,2016,3,2016-01-10,11
Kimi Raikkonen,2015,12,2015-03-15,5
Nico Hulkenberg,2015,21,2015-05-17,12
Kimi Raikkonen,2015,51,2015-12-13,10
Rio Haryanto,2016,5,2016-01-24,2
Esteban Gutierrez,2015,23,2015-05-31,1
Kimi Raikkonen,2016,13,2016-03-20,26
Fernando Alonso,2016,15,2016-04-03,1
Kimi Raikkonen,2016,15,2016-04-03,2
Nico Hulkenberg,2016,22,2016-05-22,24
Kevin Magnussen,2016,19,2016-05-01,58
Romain Grosjean,2015,52,2015-12-20,3
Valtteri Bottas,2015,12,2015-03-15,3
Kimi Raikkonen,2015,53,2015-12-27,1
Kevin Magnussen,2016,17,2016-04-17,10
Nico Hulkenberg,2015,23,2015-05-31,26
Lewis Hamilton,2015,2,2015-01-04,1
Daniil Kvyat,2016,1,2015-12-27,2
Kevin Magnussen,2016,15,2016-04-03,1
Lewis Hamilton,2016,7,2016-02-07,11
Daniil Kvyat,2016,3,2016-01-10,4
Fernando Alonso,2016,17,2016-04-17,13
Valtteri Bottas,2016,19,2016-05-01,20
Jolyon Palmer,2016,20,2016-05-08,53
Esteban Gutierrez,2015,21,2015-05-17,1
Carlos Sainz,2016,4,2016-01-17,4
Max Verstappen,2015,14,2015-03-29,6
Romain Grosjean,2016,14,2016-03-27,5
Valtteri Bottas,2015,14,2015-03-29,2
Rio Haryanto,2016,7,2016-02-07,11
Rio Haryanto,2015,49,2015-11-29,4
Nico Rosberg,2015,18,2015-04-26,3
Romain Grosjean,2015,46,2015-11-08,27
Romain Grosjean,2016,8,2016-02-14,4
Kevin Magnussen,2015,49,2015-11-29,5
Fernando Alonso,2016,21,2016-05-15,31
Kimi Raikkonen,2016,21,2016-05-15,49
Valtteri Bottas,2015,20,2015-05-10,9
Kevin Magnussen,2016,11,2016-03-06,8
Nico Hulkenberg,2015,17,2015-04-19,1
Rio Haryanto,2016,13,2016-03-20,7
Jenson Button,2015,6,2015-02-01,6
Kevin Magnussen,2015,47,2015-11-15,3
Jolyon Palmer,2015,13,2015-03-22,1
Kimi Raikkonen,2016,19,2016-05-01,27
Nico Rosberg,2015,20,2015-05-10,31
Kevin Magnussen,2016,13,2016-03-20,12
Romain Grosjean,2016,10,2016-02-28,16
Esteban Gutierrez,2015,27,2015-06-28,2
Nico Hulkenberg,2016,18,2016-04-24,25
Marcus Ericsson,2016,17,2016-04-17,11
Lewis Hamilton,2016,1,2015-12-27,2
Nico Hulkenberg,2014,53,2014-12-28,1
Sergio Perez,2015,4,2015-01-18,1
Nico Hulkenberg,2015,15,2015-04-05,1
Felipe Nasr,2015,33,2015-08-09,4
Romain Grosjean,2016,12,2016-03-13,31
Kimi Raikkonen,2016,17,2016-04-17,33
Lewis Hamilton,2015,37,2015-09-06,72
Pascal Wehrlein,2015,23,2015-05-31,1
Kevin Magnussen,2015,51,2015-12-13,2
Rio Haryanto,2015,51,2015-12-13,3
Max Verstappen,2015,18,2015-04-26,1
Rio Haryanto,2016,11,2016-03-06,8
Valtteri Bottas,2015,18,2015-04-26,1
Max Verstappen,2016,23,2016-05-29,52
Nico Hulkenberg,2016,20,2016-05-08,22
Jolyon Palmer,2015,11,2015-03-08,1
Esteban Gutierrez,2015,25,2015-06-14,1
Fernando Alonso,2016,19,2016-05-01,25
Valtteri Bottas,2016,23,2016-05-29,11
Felipe Nasr,2015,29,2015-07-12,7
Jolyon Palmer,2016,16,2016-04-10,9
Max Verstappen,2016,21,2016-05-15,122
Kimi Raikkonen,2015,16,2015-04-12,23
Jolyon Palmer,2016,14,2016-03-27,3
Nico Hulkenberg,2015,13,2015-03-22,2
Felipe Nasr,2015,31,2015-07-26,11
Jolyon Palmer,2015,52,2015-12-20,6
Sergio Perez,2015,6,2015-02-01,2
Valtteri Bottas,2016,21,2016-05-15,14
Kimi Raikkonen,2015,14,2015-03-29,5
Jolyon Palmer,2016,18,2016-04-24,33
Jenson Button,2015,8,2015-02-15,7
Felipe Massa,2016,11,2016-03-06,4
Max Verstappen,2015,20,2015-05-10,12
Kevin Magnussen,2015,10,2015-03-01,4
Nico Rosberg,2015,22,2015-05-24,40
Kevin Magnussen,2016,9,2016-02-21,20
Lewis Hamilton,2015,39,2015-09-20,98
Fernando Alonso,2016,23,2016-05-29,31
Rio Haryanto,2015,47,2015-11-15,4
Romain Grosjean,2015,48,2015-11-22,35
Fernando Alonso,2016,7,2016-02-07,9
Daniil Kvyat,2015,8,2015-02-15,2
Marcus Ericsson,2015,8,2015-02-15,4
Esteban Gutierrez,2016,16,2016-04-10,12
Lewis Hamilton,2016,17,2016-04-17,64
Fernando Alonso,2015,14,2015-03-29,8
Nico Hulkenberg,2015,29,2015-07-12,11
Kimi Raikkonen,2015,20,2015-05-10,9
Lewis Hamilton,2015,10,2015-03-01,10
Daniil Kvyat,2015,53,2015-12-27,3
Fernando Alonso,2015,16,2015-04-12,19
Lewis Hamilton,2016,15,2016-04-03,4
Fernando Alonso,2016,5,2016-01-24,10
Kimi Raikkonen,2016,23,2016-05-29,32
Jenson Button,2015,10,2015-03-01,8
Rio Haryanto,2016,17,2016-04-17,15
Felipe Massa,2015,8,2015-02-15,4
Sergio Perez,2016,21,2016-05-15,16
Kimi Raikkonen,2015,18,2015-04-26,2
Max Verstappen,2015,24,2015-06-07,9
Sebastian Vettel,2015,21,2015-05-17,44
Romain Grosjean,2015,11,2015-03-08,4
Marcus Ericsson,2015,41,2015-10-04,18
Nico Rosberg,2015,16,2015-04-12,37
Sebastian Vettel,2015,19,2015-05-03,30
Daniel Ricciardo,2016,15,2016-04-03,1
Max Verstappen,2016,18,2016-04-24,29
Felipe Massa,2015,39,2015-09-20,51
Jolyon Palmer,2015,16,2015-04-12,1
Jenson Button,2015,41,2015-10-04,33
Daniel Ricciardo,2015,47,2015-11-15,27
Jenson Button,2015,43,2015-10-18,13
Max Verstappen,2016,16,2016-04-10,13
Carlos Sainz,2016,6,2016-01-31,1
Felipe Massa,2015,35,2015-08-23,27
Romain Grosjean,2015,13,2015-03-22,6
Nico Rosberg,2016,3,2016-01-10,2
Marcus Ericsson,2016,9,2016-02-21,9
Marcus Ericsson,2015,43,2015-10-18,7
Felipe Massa,2016,7,2016-02-07,2
Daniel Ricciardo,2016,13,2016-03-20,27
Jolyon Palmer,2016,23,2016-05-29,17
Nico Rosberg,2016,5,2016-01-24,4
Fernando Alonso,2015,27,2015-06-28,56
Carlos Sainz,2016,8,2016-02-14,6
Marcus Ericsson,2016,11,2016-03-06,8
Kimi Raikkonen,2015,49,2015-11-29,29
Romain Grosjean,2016,16,2016-04-10,15
Nico Rosberg,2016,7,2016-02-07,9
Daniel Ricciardo,2015,6,2015-02-01,7
Daniel Ricciardo,2015,45,2015-11-01,31
Sebastian Vettel,2016,22,2016-05-22,94
Sergio Perez,2015,39,2015-09-20,51
Marcus Ericsson,2016,7,2016-02-07,1
Felipe Massa,2016,5,2016-01-24,1
Nico Rosberg,2015,14,2015-03-29,17
Felipe Massa,2016,3,2016-01-10,2
Romain Grosjean,2015,9,2015-02-22,5
Marcus Ericsson,2015,39,2015-09-20,25
Sebastian Vettel,2015,23,2015-05-31,46
Sergio Perez,2015,41,2015-10-04,40
Felipe Massa,2015,37,2015-09-06,27
Fernando Alonso,2015,25,2015-06-14,48
Carlos Sainz,2015,44,2015-10-25,43
Daniel Ricciardo,2015,51,2015-12-13,22
Nico Rosberg,2016,11,2016-03-06,52
Daniel Ricciardo,2015,49,2015-11-29,30
Fernando Alonso,2015,33,2015-08-09,7
Daniel Ricciardo,2016,11,2016-03-06,9
Daniil Kvyat,2015,33,2015-08-09,3
Marcus Ericsson,2015,37,2015-09-06,16
Carlos Sainz,2015,48,2015-11-22,25
Carlos Sainz,2015,9,2015-02-22,7
Daniel Ricciardo,2015,53,2015-12-27,5
Fernando Alonso,2015,29,2015-07-12,11
Daniel Ricciardo,2015,8,2015-02-15,4
Jenson Button,2015,49,2015-11-29,29
Marcus Ericsson,2016,15,2016-04-03,1
Nico Rosberg,2016,9,2016-02-21,55
Daniel Ricciardo,2016,7,2016-02-07,6
Carlos Sainz,2015,46,2015-11-08,24
Jenson Button,2015,47,2015-11-15,21
Daniel Ricciardo,2015,10,2015-03-01,4
Sebastian Vettel,2015,27,2015-06-28,60
Marcus Ericsson,2015,35,2015-08-23,11
Daniil Kvyat,2015,37,2015-09-06,14
Sergio Perez,2015,43,2015-10-18,22
Jenson Button,2015,45,2015-11-01,22
Pascal Wehrlein,2016,22,2016-05-22,41
Daniil Kvyat,2015,35,2015-08-23,21
Felipe Massa,2016,9,2016-02-21,22
Felipe Massa,2015,33,2015-08-09,6
Sergio Perez,2015,45,2015-11-01,27
Lewis Hamilton,2015,35,2015-08-23,51
Sebastian Vettel,2015,25,2015-06-14,53
Carlos Sainz,2016,12,2016-03-13,77
Fernando Alonso,2015,31,2015-07-26,32
Carlos Sainz,2015,50,2015-12-06,5
Daniel Ricciardo,2015,12,2015-03-15,3
Marcus Ericsson,2016,13,2016-03-20,7
Daniel Ricciardo,2016,9,2016-02-21,34
Carlos Sainz,2016,10,2016-02-28,19
Valtteri Bottas,2015,21,2015-05-17,16
Sergio Perez,2015,47,2015-11-15,17
Felipe Massa,2015,31,2015-07-26,23
Kevin Magnussen,2015,21,2015-05-17,1
Daniel Ricciardo,2015,16,2015-04-12,11
Lewis Hamilton,2015,13,2015-03-22,29
Jenson Button,2015,53,2015-12-27,1
Nico Rosberg,2016,13,2016-03-20,62
Carlos Sainz,2016,16,2016-04-10,11
Romain Grosjean,2015,23,2015-05-31,34
Carlos Sainz,2016,18,2016-04-24,46
Jenson Button,2015,51,2015-12-13,19
Felipe Massa,2015,49,2015-11-29,13
Carlos Sainz,2015,52,2015-12-20,1
Nico Rosberg,2016,15,2016-04-03,2
Valtteri Bottas,2015,43,2015-10-18,19
Kevin Magnussen,2015,25,2015-06-14,3
Carlos Sainz,2016,14,2016-03-27,3
Felipe Massa,2015,47,2015-11-15,63
Jenson Button,2016,7,2016-02-07,3
Daniel Ricciardo,2015,14,2015-03-29,6
Sergio Perez,2015,31,2015-07-26,25
Esteban Gutierrez,2015,51,2015-12-13,2
Sebastian Vettel,2015,33,2015-08-09,11
Felipe Massa,2015,45,2015-11-01,35
Jenson Button,2016,5,2016-01-24,5
Felipe Nasr,2015,36,2015-08-30,21
Esteban Gutierrez,2016,13,2016-03-20,84
Nico Hulkenberg,2015,32,2015-08-02,4
Carlos Sainz,2015,11,2015-03-08,5
Jolyon Palmer,2015,26,2015-06-21,4
Sebastian Vettel,2015,29,2015-07-12,10
Felipe Nasr,2015,38,2015-09-13,26
Nico Rosberg,2016,17,2016-04-17,41
Carlos Sainz,2015,13,2015-03-22,5
Valtteri Bottas,2015,45,2015-11-01,36
Esteban Gutierrez,2015,53,2015-12-27,1
Felipe Nasr,2015,34,2015-08-16,27
Sergio Perez,2015,29,2015-07-12,4
Sebastian Vettel,2015,31,2015-07-26,57
Marcus Ericsson,2015,51,2015-12-13,4
Jolyon Palmer,2015,28,2015-07-05,1
Romain Grosjean,2015,21,2015-05-17,20
Nico Hulkenberg,2015,30,2015-07-19,41
Kevin Magnussen,2015,23,2015-05-31,1
Daniel Ricciardo,2016,23,2016-05-29,84
Marcus Ericsson,2015,6,2015-02-01,3
Sergio Perez,2015,35,2015-08-23,25
Romain Grosjean,2016,22,2016-05-22,36
Sebastian Vettel,2015,35,2015-08-23,55
Carlos Sainz,2015,19,2015-05-03,16
Carlos Sainz,2015,17,2015-04-19,1
Fernando Alonso,2015,21,2015-05-17,36
Marcus Ericsson,2016,3,2016-01-10,3
Felipe Nasr,2016,4,2016-01-17,3
Felipe Nasr,2015,44,2015-10-25,27
Carlos Sainz,2015,15,2015-04-05,2
Felipe Nasr,2015,40,2015-09-27,6
Daniel Ricciardo,2015,44,2015-10-25,70
Fernando Alonso,2015,28,2015-07-05,31
Marcus Ericsson,2016,10,2016-02-28,16
Carlos Sainz,2015,45,2015-11-01,7
Fernando Alonso,2015,26,2015-06-21,48
Felipe Massa,2016,6,2016-01-31,7
Nico Rosberg,2015,13,2015-03-22,18
Nico Rosberg,2016,4,2016-01-17,6
Jenson Button,2015,44,2015-10-25,51
Sergio Perez,2015,42,2015-10-11,39
Max Verstappen,2016,15,2016-04-03,2
Daniel Ricciardo,2015,48,2015-11-22,51
Max Verstappen,2016,17,2016-04-17,34
Sergio Perez,2015,38,2015-09-13,25
Jenson Button,2015,42,2015-10-11,26
Daniel Ricciardo,2015,7,2015-02-08,1
Daniel Ricciardo,2015,46,2015-11-08,49
Romain Grosjean,2016,17,2016-04-17,13
Marcus Ericsson,2015,42,2015-10-11,14
Romain Grosjean,2015,12,2015-03-15,2
Sebastian Vettel,2015,20,2015-05-10,20
Carlos Sainz,2016,7,2016-02-07,4
Felipe Massa,2015,38,2015-09-13,29
Romain Grosjean,2015,10,2015-03-01,1
Marcus Ericsson,2015,40,2015-09-27,6
Jenson Button,2015,40,2015-09-27,40
Daniel Ricciardo,2016,14,2016-03-27,3
Max Verstappen,2016,19,2016-05-01,39
Daniel Ricciardo,2016,12,2016-03-13,57
Nico Rosberg,2014,53,2014-12-28,1
Sebastian Vettel,2015,22,2015-05-24,34
Nico Rosberg,2015,17,2015-04-19,10
Marcus Ericsson,2015,44,2015-10-25,27
Felipe Massa,2015,36,2015-08-30,40
Jolyon Palmer,2015,19,2015-05-03,6
Jolyon Palmer,2015,15,2015-04-05,4
Felipe Massa,2016,4,2016-01-17,4
Sebastian Vettel,2015,18,2015-04-26,1
Fernando Alonso,2015,24,2015-06-07,25
Carlos Sainz,2016,5,2016-01-24,5
Sebastian Vettel,2016,23,2016-05-29,60
Max Verstappen,2015,53,2015-12-27,3
Sergio Perez,2015,40,2015-09-27,20
Nico Rosberg,2016,6,2016-01-31,9
Daniel Ricciardo,2016,16,2016-04-10,10
Nico Rosberg,2015,15,2015-04-05,17
Sebastian Vettel,2015,28,2015-07-05,42
Marcus Ericsson,2015,34,2015-08-16,24
Daniel Ricciardo,2015,9,2015-02-22,2
Carlos Sainz,2016,9,2016-02-21,28
Daniil Kvyat,2015,36,2015-08-30,35
Felipe Massa,2015,30,2015-07-19,54
Felipe Massa,2015,32,2015-08-02,6
Felipe Massa,2016,8,2016-02-14,12
Jenson Button,2015,48,2015-11-22,41
Pascal Wehrlein,2016,23,2016-05-29,10
Fernando Alonso,2015,30,2015-07-19,52
Carlos Sainz,2015,49,2015-11-29,16
Daniel Ricciardo,2016,8,2016-02-14,16
Carlos Sainz,2015,8,2015-02-15,2
Carlos Sainz,2016,13,2016-03-20,53
Daniil Kvyat,2015,34,2015-08-16,33
Nico Rosberg,2016,8,2016-02-14,8
Lewis Hamilton,2015,36,2015-08-30,78
Sergio Perez,2015,44,2015-10-25,72
Sebastian Vettel,2015,26,2015-06-21,37
Felipe Massa,2015,34,2015-08-16,34
Carlos Sainz,2015,47,2015-11-15,17
Pascal Wehrlein,2016,21,2016-05-15,31
Marcus Ericsson,2015,36,2015-08-30,27
Marcus Ericsson,2016,16,2016-04-10,10
Nico Rosberg,2016,10,2016-02-28,41
Carlos Sainz,2015,6,2015-02-01,5
Daniel Ricciardo,2015,52,2015-12-20,2
Sergio Perez,2015,46,2015-11-08,34
Daniel Ricciardo,2016,10,2016-02-28,17
Marcus Ericsson,2015,38,2015-09-13,21
Carlos Sainz,2016,11,2016-03-06,25
Romain Grosjean,2015,8,2015-02-15,2
Sebastian Vettel,2015,24,2015-06-07,25
Daniel Ricciardo,2015,11,2015-03-08,10
Fernando Alonso,2015,32,2015-08-02,14
Felipe Massa,2016,10,2016-02-28,21
Daniel Ricciardo,2015,50,2015-12-06,15
Jenson Button,2015,46,2015-11-08,43
Nico Rosberg,2016,12,2016-03-13,130
Marcus Ericsson,2016,12,2016-03-13,17
Jolyon Palmer,2015,25,2015-06-14,6
Sergio Perez,2015,28,2015-07-05,14
Jenson Button,2016,6,2016-01-31,3
Nico Hulkenberg,2015,33,2015-08-09,6
Carlos Sainz,2015,12,2015-03-15,2
Felipe Nasr,2015,35,2015-08-23,12
Sergio Perez,2015,30,2015-07-19,37
Daniel Ricciardo,2016,22,2016-05-22,131
Esteban Gutierrez,2015,52,2015-12-20,2
Carlos Sainz,2015,10,2015-03-01,4
Romain Grosjean,2015,20,2015-05-10,9
Marcus Ericsson,2015,50,2015-12-06,4
Esteban Gutierrez,2016,12,2016-03-13,98
Felipe Massa,2015,46,2015-11-08,51
Felipe Nasr,2015,37,2015-09-06,11
Jenson Button,2015,50,2015-12-06,20
Jolyon Palmer,2015,29,2015-07-12,6
Daniel Ricciardo,2015,13,2015-03-22,6
Valtteri Bottas,2015,44,2015-10-25,38
Carlos Sainz,2015,14,2015-03-29,4
Nico Rosberg,2016,16,2016-04-10,22
Felipe Massa,2015,48,2015-11-22,46
Sebastian Vettel,2015,32,2015-08-02,14
Jenson Button,2016,8,2016-02-14,5
Daniel Ricciardo,2014,53,2014-12-28,1
Daniel Ricciardo,2015,17,2015-04-19,3
Romain Grosjean,2015,24,2015-06-07,16
Kevin Magnussen,2015,22,2015-05-24,3
Romain Grosjean,2016,23,2016-05-29,19
Daniel Ricciardo,2015,15,2015-04-05,7
Carlos Sainz,2016,15,2016-04-03,1
Kevin Magnussen,2015,24,2015-06-07,5
Valtteri Bottas,2015,42,2015-10-11,39
Fernando Alonso,2015,18,2015-04-26,4
Jolyon Palmer,2015,27,2015-06-28,9
Jenson Button,2015,52,2015-12-20,13
Carlos Sainz,2015,51,2015-12-13,10
Nico Hulkenberg,2015,31,2015-07-26,27
Sebastian Vettel,2015,30,2015-07-19,64
Romain Grosjean,2015,22,2015-05-24,25
Carlos Sainz,2016,17,2016-04-17,38
Jenson Button,2016,4,2016-01-17,10
Marcus Ericsson,2015,48,2015-11-22,27
Carlos Sainz,2016,23,2016-05-29,17
Romain Grosjean,2015,18,2015-04-26,1
Daniel Ricciardo,2016,20,2016-05-08,58
Nico Rosberg,2016,18,2016-04-24,107
Carlos Sainz,2016,21,2016-05-15,23
Daniel Ricciardo,2016,18,2016-04-24,56
Nico Rosberg,2016,20,2016-05-08,115
Sergio Perez,2015,32,2015-08-02,5
Jenson Button,2016,2,2016-01-03,9
Romain Grosjean,2016,19,2016-05-01,17
Pascal Wehrlein,2015,29,2015-07-12,4
Marcus Ericsson,2015,10,2015-03-01,2
Daniil Kvyat,2016,13,2016-03-20,13
Rio Haryanto,2016,19,2016-05-01,14
Valtteri Bottas,2015,47,2015-11-15,18
Jenson Button,2015,12,2015-03-15,5
Nico Rosberg,2015,24,2015-06-07,25
Max Verstappen,2015,22,2015-05-24,31
Valtteri Bottas,2016,9,2016-02-21,20
Sergio Perez,2016,17,2016-04-17,8
Daniil Kvyat,2016,11,2016-03-06,5
Nico Rosberg,2015,26,2015-06-21,49
Marcus Ericsson,2015,12,2015-03-15,5
Lewis Hamilton,2015,12,2015-03-15,12
Pascal Wehrlein,2015,27,2015-06-28,2
Lewis Hamilton,2015,51,2015-12-13,40
Max Verstappen,2015,26,2015-06-21,23
Daniil Kvyat,2015,51,2015-12-13,11
Sergio Perez,2016,19,2016-05-01,14
Rio Haryanto,2016,15,2016-04-03,1
Pascal Wehrlein,2015,31,2015-07-26,1
Felipe Massa,2015,6,2015-02-01,4
Daniil Kvyat,2016,15,2016-04-03,2
Lewis Hamilton,2015,53,2015-12-27,14
Lewis Hamilton,2016,13,2016-03-20,84
Kimi Raikkonen,2015,22,2015-05-24,14
Daniil Kvyat,2015,10,2015-03-01,1
Daniil Kvyat,2015,49,2015-11-29,19
Valtteri Bottas,2016,7,2016-02-07,3
Esteban Gutierrez,2016,14,2016-03-27,5
Fernando Alonso,2016,3,2016-01-10,7
Nico Rosberg,2015,28,2015-07-05,33
Lewis Hamilton,2015,6,2015-02-01,9
Pascal Wehrlein,2015,33,2015-08-09,1
Daniil Kvyat,2016,7,2016-02-07,1
Kimi Raikkonen,2015,24,2015-06-07,22
Max Verstappen,2015,30,2015-07-19,31
Nico Rosberg,2015,32,2015-08-02,4
Daniil Kvyat,2015,45,2015-11-01,24
Lewis Hamilton,2015,8,2015-02-15,11
Nico Rosberg,2015,30,2015-07-19,65
Valtteri Bottas,2015,6,2015-02-01,7
Jenson Button,2015,18,2015-04-26,2
Sergio Perez,2016,23,2016-05-29,37
Kevin Magnussen,2016,23,2016-05-29,37
Daniil Kvyat,2015,6,2015-02-01,8
Jenson Button,2015,16,2015-04-12,17
Rio Haryanto,2016,23,2016-05-29,5
Daniel Ricciardo,2015,20,2015-05-10,15
Esteban Gutierrez,2016,18,2016-04-24,26
Valtteri Bottas,2015,51,2015-12-13,6
Daniil Kvyat,2015,47,2015-11-15,15
Nico Hulkenberg,2015,27,2015-06-28,42
Pascal Wehrlein,2015,35,2015-08-23,3
Lewis Hamilton,2016,9,2016-02-21,60
Felipe Massa,2015,2,2015-01-04,1
Lewis Hamilton,2015,49,2015-11-29,69
Esteban Gutierrez,2016,20,2016-05-08,32
Lewis Hamilton,2016,11,2016-03-06,60
Lewis Hamilton,2015,47,2015-11-15,76
Nico Hulkenberg,2015,25,2015-06-14,40
Esteban Gutierrez,2016,22,2016-05-22,24
Valtteri Bottas,2016,11,2016-03-06,5
Valtteri Bottas,2015,49,2015-11-29,16
Valtteri Bottas,2015,10,2015-03-01,4
Daniel Ricciardo,2015,22,2015-05-24,21
Fernando Alonso,2016,11,2016-03-06,50
Pascal Wehrlein,2015,37,2015-09-06,2
Valtteri Bottas,2016,13,2016-03-20,16
Sebastian Vettel,2016,1,2015-12-27,2
Lewis Hamilton,2015,45,2015-11-01,67
Jenson Button,2015,14,2015-03-29,5
Sebastian Vettel,2015,37,2015-09-06,41
Fernando Alonso,2016,9,2016-02-21,40
Rio Haryanto,2016,21,2016-05-15,12
Max Verstappen,2015,28,2015-07-05,13
Kevin Magnussen,2016,21,2016-05-15,52
Daniil Kvyat,2016,9,2016-02-21,21
Valtteri Bottas,2015,8,2015-02-15,2
Daniil Kvyat,2015,43,2015-10-18,11
Kevin Magnussen,2015,16,2015-04-12,2
Marcus Ericsson,2015,20,2015-05-10,3
Romain Grosjean,2015,32,2015-08-02,3
Fernando Alonso,2015,49,2015-11-29,30
Fernando Alonso,2015,47,2015-11-15,27
Daniil Kvyat,2016,21,2016-05-15,46
Felipe Massa,2015,16,2015-04-12,11
Max Verstappen,2015,32,2015-08-02,7
Jenson Button,2016,15,2016-04-03,1
Jenson Button,2015,22,2015-05-24,21
Sebastian Vettel,2015,39,2015-09-20,86
Daniel Ricciardo,2015,26,2015-06-21,32
Felipe Massa,2015,14,2015-03-29,3
Marcus Ericsson,2015,22,2015-05-24,6
Carlos Sainz,2015,22,2015-05-24,8
Nico Rosberg,2015,38,2015-09-13,45
Fernando Alonso,2015,6,2015-02-01,6
Jolyon Palmer,2016,2,2016-01-03,1
Sebastian Vettel,2016,5,2016-01-24,21
Sergio Perez,2015,20,2015-05-10,3
Carlos Sainz,2015,20,2015-05-10,14
Sebastian Vettel,2015,41,2015-10-04,87
Nico Rosberg,2015,36,2015-08-30,68
Fernando Alonso,2015,45,2015-11-01,18
Romain Grosjean,2015,34,2015-08-16,47
Jenson Button,2015,20,2015-05-10,21
Pascal Wehrlein,2015,39,2015-09-20,3
Carlos Sainz,2015,24,2015-06-07,6
Nico Rosberg,2015,34,2015-08-16,69
Felipe Massa,2016,23,2016-05-29,19
Sebastian Vettel,2016,3,2016-01-10,3
Daniel Ricciardo,2015,24,2015-06-07,15
Sebastian Vettel,2015,43,2015-10-18,33
Max Verstappen,2015,34,2015-08-16,39
Jenson Button,2016,17,2016-04-17,13
Daniel Ricciardo,2015,30,2015-07-19,63
Sebastian Vettel,2016,11,2016-03-06,28
Felipe Massa,2015,51,2015-12-13,6
Felipe Massa,2015,53,2015-12-27,1
Sebastian Vettel,2015,47,2015-11-15,67
Felipe Nasr,2015,11,2015-03-08,11
Sergio Perez,2015,26,2015-06-21,18
Daniel Ricciardo,2015,32,2015-08-02,10
Carlos Sainz,2015,26,2015-06-21,8
Fernando Alonso,2015,10,2015-03-01,10
Lewis Hamilton,2016,21,2016-05-15,104
Marcus Ericsson,2015,16,2015-04-12,5
Sebastian Vettel,2015,45,2015-11-01,48
Daniel Ricciardo,2015,28,2015-07-05,32
Daniil Kvyat,2016,19,2016-05-01,64
Carlos Sainz,2015,28,2015-07-05,17
Sergio Perez,2015,24,2015-06-07,6
Felipe Nasr,2015,13,2015-03-22,3
Felipe Massa,2015,10,2015-03-01,3
Sergio Perez,2016,15,2016-04-03,1
Jenson Button,2015,26,2015-06-21,19
Sebastian Vettel,2015,6,2015-02-01,7
Nico Rosberg,2015,40,2015-09-27,93
Sergio Perez,2015,22,2015-05-24,14
Felipe Massa,2015,41,2015-10-04,68
Fernando Alonso,2015,23,2015-05-31,32
Romain Grosjean,2016,18,2016-04-24,32
Nico Rosberg,2016,21,2016-05-15,102
Daniel Ricciardo,2016,19,2016-05-01,36
Sergio Perez,2015,37,2015-09-06,18
Romain Grosjean,2015,19,2015-05-03,12
Jenson Button,2016,1,2015-12-27,3
Jolyon Palmer,2015,24,2015-06-07,3
Marcus Ericsson,2015,49,2015-11-29,11
Carlos Sainz,2016,20,2016-05-08,49
Nico Rosberg,2016,19,2016-05-01,71
Felipe Massa,2015,43,2015-10-18,21
Marcus Ericsson,2015,47,2015-11-15,11
Romain Grosjean,2015,17,2015-04-19,2
Carlos Sainz,2016,22,2016-05-22,32
Daniel Ricciardo,2016,21,2016-05-15,67
Daniel Ricciardo,2016,17,2016-04-17,32
Jolyon Palmer,2015,22,2015-05-24,1
Romain Grosjean,2015,15,2015-04-05,3
Kimi Raikkonen,2015,27,2015-06-28,56
Jenson Button,2016,3,2016-01-10,8
Marcus Ericsson,2015,45,2015-11-01,9
Sergio Perez,2015,33,2015-08-09,2
Romain Grosjean,2016,20,2016-05-08,30
Jolyon Palmer,2015,20,2015-05-10,4
Fernando Alonso,2015,19,2015-05-03,26
Marcus Ericsson,2016,5,2016-01-24,2
Felipe Nasr,2015,42,2015-10-11,17
Felipe Nasr,2016,2,2016-01-03,3
Kevin Magnussen,2015,35,2015-08-23,5
Nico Hulkenberg,2016,2,2016-01-03,4
Kimi Raikkonen,2015,31,2015-07-26,30
Nico Hulkenberg,2015,40,2015-09-27,24
Sergio Perez,2016,9,2016-02-21,18
Esteban Gutierrez,2016,5,2016-01-24,3
Kimi Raikkonen,2015,29,2015-07-12,14
Sergio Perez,2016,7,2016-02-07,2
Rio Haryanto,2015,26,2015-06-21,2
Nico Hulkenberg,2015,42,2015-10-11,19
Kimi Raikkonen,2015,33,2015-08-09,5
Pascal Wehrlein,2015,40,2015-09-27,5
Esteban Gutierrez,2015,43,2015-10-18,5
Daniil Kvyat,2015,19,2015-05-03,14
Esteban Gutierrez,2016,3,2016-01-10,7
Kevin Magnussen,2015,31,2015-07-26,2
Nico Rosberg,2016,23,2016-05-29,66
Esteban Gutierrez,2015,39,2015-09-20,7
Felipe Nasr,2015,46,2015-11-08,39
Nico Hulkenberg,2016,6,2016-01-31,5
Jolyon Palmer,2015,36,2015-08-30,7
Kevin Magnussen,2015,33,2015-08-09,4
Pascal Wehrlein,2015,42,2015-10-11,2
Lewis Hamilton,2015,23,2015-05-31,58
Pascal Wehrlein,2016,8,2016-02-14,14
Pascal Wehrlein,2016,10,2016-02-28,11
Valtteri Bottas,2015,33,2015-08-09,8
Daniil Kvyat,2015,21,2015-05-17,19
Lewis Hamilton,2015,21,2015-05-17,64
Lewis Hamilton,2015,19,2015-05-03,30
Valtteri Bottas,2015,35,2015-08-23,16
Max Verstappen,2015,36,2015-08-30,28
Felipe Nasr,2016,10,2016-02-28,20
Pascal Wehrlein,2016,6,2016-01-31,3
Sergio Perez,2016,11,2016-03-06,3
Felipe Nasr,2015,48,2015-11-22,25
Lewis Hamilton,2014,53,2014-12-28,2
Daniil Kvyat,2015,17,2015-04-19,2
Nico Hulkenberg,2016,4,2016-01-17,4
Romain Grosjean,2015,25,2015-06-14,18
Daniil Kvyat,2015,15,2015-04-05,3
Valtteri Bottas,2016,3,2016-01-10,3
Pascal Wehrlein,2016,4,2016-01-17,1
Valtteri Bottas,2015,41,2015-10-04,39
Jenson Button,2016,13,2016-03-20,39
Esteban Gutierrez,2016,7,2016-02-07,2
Felipe Nasr,2015,9,2015-02-22,4
Nico Hulkenberg,2015,38,2015-09-13,26
Lewis Hamilton,2015,15,2015-04-05,17
Romain Grosjean,2015,27,2015-06-28,28
Rio Haryanto,2015,30,2015-07-19,3
Esteban Gutierrez,2016,9,2016-02-21,23
Valtteri Bottas,2015,39,2015-09-20,43
Jolyon Palmer,2015,32,2015-08-02,1
Lewis Hamilton,2015,17,2015-04-19,14
Max Verstappen,2016,4,2016-01-17,7
Nico Rosberg,2015,43,2015-10-18,51
Nico Hulkenberg,2015,34,2015-08-16,44
Felipe Nasr,2015,52,2015-12-20,2
Esteban Gutierrez,2015,45,2015-11-01,2
Jolyon Palmer,2015,30,2015-07-19,10
Pascal Wehrlein,2016,2,2016-01-03,1
Felipe Nasr,2016,12,2016-03-13,16
Lewis Hamilton,2016,22,2016-05-22,100
Valtteri Bottas,2015,37,2015-09-06,21
Esteban Gutierrez,2016,11,2016-03-06,41
Kimi Raikkonen,2015,37,2015-09-06,24
Felipe Nasr,2015,50,2015-12-06,5
Max Verstappen,2015,38,2015-09-13,27
Kevin Magnussen,2015,27,2015-06-28,3
Fernando Alonso,2016,1,2015-12-27,3
Max Verstappen,2016,2,2016-01-03,11
Pascal Wehrlein,2015,44,2015-10-25,1
Felipe Nasr,2016,16,2016-04-10,8
Jenson Button,2016,9,2016-02-21,37
Max Verstappen,2015,40,2015-09-27,22
Nico Hulkenberg,2015,36,2015-08-30,46
Romain Grosjean,2015,29,2015-07-12,14
Esteban Gutierrez,2015,47,2015-11-15,1
Jolyon Palmer,2015,34,2015-08-16,9
Jenson Button,2016,11,2016-03-06,39
Kimi Raikkonen,2015,35,2015-08-23,24
Kimi Raikkonen,2016,1,2015-12-27,1
Kevin Magnussen,2015,29,2015-07-12,6
Rio Haryanto,2015,28,2015-07-05,2
Max Verstappen,2015,44,2015-10-25,47
Sergio Perez,2015,49,2015-11-29,16
Daniil Kvyat,2015,29,2015-07-12,3
Max Verstappen,2016,6,2016-01-31,7
Valtteri Bottas,2015,25,2015-06-14,29
Sergio Perez,2015,51,2015-12-13,9
Lewis Hamilton,2015,29,2015-07-12,22
Daniil Kvyat,2015,31,2015-07-26,44
Max Verstappen,2015,46,2015-11-08,39
Max Verstappen,2015,42,2015-10-11,16
Max Verstappen,2016,8,2016-02-14,5
Nico Hulkenberg,2015,52,2015-12-20,1
Pascal Wehrlein,2016,16,2016-04-10,10
Kimi Raikkonen,2015,43,2015-10-18,35
Jenson Button,2015,29,2015-07-12,10
Esteban Gutierrez,2015,33,2015-08-09,4
Kimi Raikkonen,2016,3,2016-01-10,4
Valtteri Bottas,2015,23,2015-05-31,26
Nico Hulkenberg,2016,12,2016-03-13,32
Lewis Hamilton,2015,31,2015-07-26,55
Pascal Wehrlein,2016,20,2016-05-08,49
Felipe Massa,2015,27,2015-06-28,47
Nico Rosberg,2015,6,2015-02-01,7
Nico Rosberg,2016,22,2016-05-22,95
Carlos Sainz,2016,19,2016-05-01,34
Felipe Massa,2015,42,2015-10-11,42
Kimi Raikkonen,2015,26,2015-06-21,40
Felipe Massa,2015,40,2015-09-27,38
Jolyon Palmer,2015,23,2015-05-31,1
Fernando Alonso,2015,22,2015-05-24,26
Marcus Ericsson,2016,2,2016-01-03,2
Felipe Nasr,2015,39,2015-09-20,31
Fernando Alonso,2015,20,2015-05-10,27
Sergio Perez,2015,36,2015-08-30,40
Kevin Magnussen,2015,20,2015-05-10,3
Sebastian Vettel,2015,34,2015-08-16,66
Felipe Nasr,2015,43,2015-10-18,5
Carlos Sainz,2015,16,2015-04-12,7
Felipe Nasr,2015,41,2015-10-04,17
Marcus Ericsson,2016,4,2016-01-17,5
Felipe Massa,2016,2,2016-01-03,4
Daniel Ricciardo,2015,19,2015-05-03,14
Romain Grosjean,2015,14,2015-03-29,3
Jolyon Palmer,2015,21,2015-05-17,3
Marcus Ericsson,2016,6,2016-01-31,1
Felipe Nasr,2016,3,2016-01-10,2
Marcus Ericsson,2015,46,2015-11-08,20
Romain Grosjean,2015,16,2015-04-12,8
Romain Grosjean,2016,21,2016-05-15,21
Kimi Raikkonen,2015,28,2015-07-05,27
Sebastian Vettel,2015,36,2015-08-30,86
Sergio Perez,2015,34,2015-08-16,26
Felipe Massa,2015,44,2015-10-25,49
Daniil Kvyat,2015,22,2015-05-24,18
Pascal Wehrlein,2016,9,2016-02-21,23
Romain Grosjean,2015,30,2015-07-19,40
Lewis Hamilton,2015,22,2015-05-24,48
Valtteri Bottas,2015,32,2015-08-02,8
Felipe Nasr,2015,47,2015-11-15,11
Pascal Wehrlein,2016,7,2016-02-07,19
Valtteri Bottas,2015,36,2015-08-30,40
Felipe Nasr,2016,11,2016-03-06,6
Lewis Hamilton,2016,23,2016-05-29,83
Felipe Nasr,2015,45,2015-11-01,8
Nico Hulkenberg,2015,41,2015-10-04,35
Kimi Raikkonen,2015,32,2015-08-02,15
Esteban Gutierrez,2016,4,2016-01-17,1
Felipe Nasr,2015,6,2015-02-01,6
Daniil Kvyat,2015,20,2015-05-10,12
Jolyon Palmer,2015,37,2015-09-06,1
Nico Hulkenberg,2015,39,2015-09-20,51
Sergio Perez,2016,8,2016-02-14,3
Pascal Wehrlein,2015,41,2015-10-04,2
Sergio Perez,2016,10,2016-02-28,12
Kevin Magnussen,2015,34,2015-08-16,2
Felipe Nasr,2016,7,2016-02-07,2
Jolyon Palmer,2015,35,2015-08-23,1
Kimi Raikkonen,2015,30,2015-07-19,63
Nico Hulkenberg,2016,5,2016-01-24,4
Esteban Gutierrez,2016,6,2016-01-31,4
Felipe Nasr,2016,9,2016-02-21,12
Esteban Gutierrez,2015,40,2015-09-27,8
Esteban Gutierrez,2016,2,2016-01-03,5
Max Verstappen,2015,35,2015-08-23,21
Sergio Perez,2016,6,2016-01-31,8
Nico Hulkenberg,2015,43,2015-10-18,16
Daniil Kvyat,2016,23,2016-05-29,38
Esteban Gutierrez,2015,42,2015-10-11,3
Felipe Nasr,2015,49,2015-11-29,13
Lewis Hamilton,2015,20,2015-05-10,26
Valtteri Bottas,2015,34,2015-08-16,54
Kevin Magnussen,2015,28,2015-07-05,4
Max Verstappen,2015,37,2015-09-06,14
Pascal Wehrlein,2015,47,2015-11-15,2
Felipe Nasr,2016,13,2016-03-20,8
Felipe Nasr,2015,51,2015-12-13,7
Max Verstappen,2016,1,2015-12-27,4
Kimi Raikkonen,2015,36,2015-08-30,54
Lewis Hamilton,2015,18,2015-04-26,5
Max Verstappen,2015,39,2015-09-20,56
Max Verstappen,2016,3,2016-01-10,11
Felipe Nasr,2016,17,2016-04-17,14
Lewis Hamilton,2015,16,2015-04-12,43
Nico Hulkenberg,2015,35,2015-08-23,18
Esteban Gutierrez,2016,10,2016-02-28,13
Valtteri Bottas,2015,38,2015-09-13,29
Valtteri Bottas,2016,4,2016-01-17,4
Daniil Kvyat,2015,14,2015-03-29,6
Rio Haryanto,2015,31,2015-07-26,3
Kimi Raikkonen,2015,38,2015-09-13,40
Pascal Wehrlein,2016,3,2016-01-10,1
Esteban Gutierrez,2015,44,2015-10-25,12
Valtteri Bottas,2015,40,2015-09-27,21
Lewis Hamilton,2015,14,2015-03-29,20
Jolyon Palmer,2015,33,2015-08-09,1
Jolyon Palmer,2015,31,2015-07-26,2
Daniil Kvyat,2015,16,2015-04-12,8
Romain Grosjean,2015,26,2015-06-21,10
Rio Haryanto,2015,27,2015-06-28,3
Pascal Wehrlein,2015,43,2015-10-18,4
Valtteri Bottas,2016,2,2016-01-03,2
Esteban Gutierrez,2015,46,2015-11-08,2
Felipe Nasr,2015,8,2015-02-15,4
Jenson Button,2016,12,2016-03-13,106
Kimi Raikkonen,2015,34,2015-08-16,82
Max Verstappen,2015,41,2015-10-04,32
Romain Grosjean,2015,28,2015-07-05,19
Kevin Magnussen,2015,30,2015-07-19,4
Fernando Alonso,2016,2,2016-01-03,6
Pascal Wehrlein,2016,5,2016-01-24,1
Jenson Button,2016,10,2016-02-28,22
Esteban Gutierrez,2016,8,2016-02-14,1
Esteban Gutierrez,2015,48,2015-11-22,1
Nico Hulkenberg,2015,37,2015-09-06,22
Pascal Wehrlein,2015,45,2015-11-01,1
Felipe Nasr,2016,15,2016-04-03,1
Nico Rosberg,2015,46,2015-11-08,86
Daniel Ricciardo,2016,6,2016-01-31,10
Jenson Button,2015,32,2015-08-02,23
Lewis Hamilton,2015,34,2015-08-16,74
Pascal Wehrlein,2015,49,2015-11-29,6
Kimi Raikkonen,2016,2,2016-01-03,11
Lewis Hamilton,2015,32,2015-08-02,11
Jenson Button,2015,34,2015-08-16,46
Felipe Massa,2015,28,2015-07-05,35
Kimi Raikkonen,2016,4,2016-01-17,6
Daniil Kvyat,2015,32,2015-08-02,5
Pascal Wehrlein,2015,10,2015-03-01,1
Valtteri Bottas,2015,24,2015-06-07,18
Nico Rosberg,2015,44,2015-10-25,152
Jenson Button,2015,30,2015-07-19,46
Lewis Hamilton,2015,30,2015-07-19,75
Sergio Perez,2015,50,2015-12-06,5
Nico Hulkenberg,2016,13,2016-03-20,16
Pascal Wehrlein,2016,17,2016-04-17,15
Valtteri Bottas,2015,26,2015-06-21,29
Nico Hulkenberg,2015,53,2015-12-27,2
Fernando Alonso,2015,34,2015-08-16,57
Max Verstappen,2015,43,2015-10-18,12
Fernando Alonso,2015,36,2015-08-30,55
Max Verstappen,2016,5,2016-01-24,5
Jenson Button,2015,24,2015-06-07,17
Marcus Ericsson,2015,14,2015-03-29,3
Fernando Alonso,2015,8,2015-02-15,6
Sebastian Vettel,2016,7,2016-02-07,9
Sergio Perez,2016,13,2016-03-20,12
Fernando Alonso,2015,53,2015-12-27,7
Jenson Button,2015,28,2015-07-05,27
Daniil Kvyat,2015,12,2015-03-15,4
Nico Rosberg,2015,42,2015-10-11,112
Daniil Kvyat,2016,17,2016-04-17,35
Carlos Sainz,2015,30,2015-07-19,30
Felipe Massa,2015,12,2015-03-15,4
Fernando Alonso,2015,12,2015-03-15,6
Fernando Alonso,2015,51,2015-12-13,9
Lewis Hamilton,2016,19,2016-05-01,40
Sebastian Vettel,2016,9,2016-02-21,50
Felipe Nasr,2016,20,2016-05-08,15
Nico Hulkenberg,2016,16,2016-04-10,11
Felipe Massa,2016,15,2016-04-03,2
Jolyon Palmer,2015,46,2015-11-08,10
Sebastian Vettel,2015,49,2015-11-29,36
Esteban Gutierrez,2015,29,2015-07-12,2
Sebastian Vettel,2016,13,2016-03-20,66
Jolyon Palmer,2015,48,2015-11-22,8
Kevin Magnussen,2015,2,2015-01-04,1
Sebastian Vettel,2015,12,2015-03-15,11
Jolyon Palmer,2016,8,2016-02-14,4
Sebastian Vettel,2015,51,2015-12-13,22
Romain Grosjean,2016,6,2016-01-31,9
Marcus Ericsson,2016,21,2016-05-15,8
Marcus Ericsson,2015,30,2015-07-19,30
Daniel Ricciardo,2015,34,2015-08-16,46
Kevin Magnussen,2015,45,2015-11-01,6
Romain Grosjean,2016,4,2016-01-17,1
Sebastian Vettel,2015,53,2015-12-27,7
Nico Hulkenberg,2015,9,2015-02-22,10
Carlos Sainz,2015,34,2015-08-16,23
Romain Grosjean,2015,44,2015-10-25,43
Felipe Massa,2016,13,2016-03-20,21
Jolyon Palmer,2016,10,2016-02-28,14
Kevin Magnussen,2016,5,2016-01-24,8
Jolyon Palmer,2015,50,2015-12-06,1
Carlos Sainz,2015,32,2015-08-02,3
Nico Hulkenberg,2015,11,2015-03-08,2
Felipe Nasr,2015,15,2015-04-05,2
Sebastian Vettel,2015,8,2015-02-15,4
Daniel Ricciardo,2015,36,2015-08-30,57
Daniel Ricciardo,2015,38,2015-09-13,66
Felipe Nasr,2015,17,2015-04-19,2
Romain Grosjean,2015,40,2015-09-27,40
Daniel Ricciardo,2016,2,2016-01-03,2
Sergio Perez,2015,10,2015-03-01,5
Kevin Magnussen,2016,7,2016-02-07,5
Sebastian Vettel,2016,15,2016-04-03,3
Romain Grosjean,2015,42,2015-10-11,23
Daniel Ricciardo,2016,4,2016-01-17,6
Jolyon Palmer,2016,12,2016-03-13,30
Felipe Nasr,2016,22,2016-05-22,36
Marcus Ericsson,2016,19,2016-05-01,6
Felipe Massa,2016,17,2016-04-17,15
Sebastian Vettel,2015,10,2015-03-01,6
Sergio Perez,2015,8,2015-02-15,6
Carlos Sainz,2016,2,2016-01-03,23
Sergio Perez,2015,14,2015-03-29,2
Felipe Nasr,2015,23,2015-05-31,23
Carlos Sainz,2015,40,2015-09-27,20
Daniel Ricciardo,2015,42,2015-10-11,24
Felipe Nasr,2015,21,2015-05-17,10
Sergio Perez,2015,16,2015-04-12,6
Kimi Raikkonen,2015,6,2015-02-01,7
Marcus Ericsson,2015,24,2015-06-07,7
Felipe Massa,2015,20,2015-05-10,9
Felipe Nasr,2015,19,2015-05-03,10
Nico Hulkenberg,2015,7,2015-02-08,1
Felipe Massa,2016,19,2016-05-01,14
Sergio Perez,2015,12,2015-03-15,1
Jolyon Palmer,2015,44,2015-10-25,7
Felipe Massa,2015,22,2015-05-24,15
Jolyon Palmer,2016,4,2016-01-17,1
Fernando Alonso,2015,2,2015-01-04,1
Nico Rosberg,2016,2,2016-01-03,9
Romain Grosjean,2015,38,2015-09-13,32
Sebastian Vettel,2016,19,2016-05-01,59
Daniel Ricciardo,2015,40,2015-09-27,33
Kimi Raikkonen,2016,11,2016-03-06,18
Felipe Massa,2015,24,2015-06-07,12
Jenson Button,2016,19,2016-05-01,19
Felipe Massa,2016,21,2016-05-15,56
Romain Grosjean,2016,2,2016-01-03,9
Jenson Button,2016,21,2016-05-15,36
Fernando Alonso,2015,43,2015-10-18,10
Rio Haryanto,2016,3,2016-01-10,4
Sebastian Vettel,2016,17,2016-04-17,34
Marcus Ericsson,2016,23,2016-05-29,15
Jolyon Palmer,2015,42,2015-10-11,5
Marcus Ericsson,2015,28,2015-07-05,12
Sergio Perez,2015,53,2015-12-27,1
Carlos Sainz,2015,36,2015-08-30,42
Jenson Button,2016,23,2016-05-29,20
Jolyon Palmer,2016,6,2016-01-31,18
Romain Grosjean,2015,36,2015-08-30,40
Sebastian Vettel,2016,21,2016-05-15,68
Carlos Sainz,2015,38,2015-09-13,25
Marcus Ericsson,2015,26,2015-06-21,9
Felipe Massa,2015,26,2015-06-21,25
Sergio Perez,2015,48,2015-11-22,40
Daniil Kvyat,2015,28,2015-07-05,14
Max Verstappen,2016,9,2016-02-21,21
Pascal Wehrlein,2016,19,2016-05-01,43
Pascal Wehrlein,2015,8,2015-02-15,5
Max Verstappen,2015,45,2015-11-01,17
Kimi Raikkonen,2016,6,2016-01-31,5
Fernando Alonso,2015,38,2015-09-13,40
Valtteri Bottas,2015,22,2015-05-24,11
Nico Hulkenberg,2015,49,2015-11-29,15
Pascal Wehrlein,2015,51,2015-12-13,3
Kimi Raikkonen,2015,40,2015-09-27,50
Nico Hulkenberg,2015,51,2015-12-13,7
Kimi Raikkonen,2015,42,2015-10-11,71
Marcus Ericsson,2015,32,2015-08-02,3
Nico Rosberg,2015,48,2015-11-22,83
Daniil Kvyat,2015,30,2015-07-19,38
Max Verstappen,2015,47,2015-11-15,32
Max Verstappen,2016,7,2016-02-07,6
Kevin Magnussen,2015,42,2015-10-11,12
Max Verstappen,2015,51,2015-12-13,12
Sebastian Vettel,2015,14,2015-03-29,21
Nico Rosberg,2015,11,2015-03-08,21
Nico Hulkenberg,2016,9,2016-02-21,24
Esteban Gutierrez,2015,36,2015-08-30,3
Max Verstappen,2016,13,2016-03-20,57
Pascal Wehrlein,2015,12,2015-03-15,1
Nico Hulkenberg,2015,45,2015-11-01,18
Max Verstappen,2015,49,2015-11-29,24
Kevin Magnussen,2015,40,2015-09-27,3
Fernando Alonso,2015,40,2015-09-27,44
Pascal Wehrlein,2016,13,2016-03-20,10
Jenson Button,2015,36,2015-08-30,52
Lewis Hamilton,2015,24,2015-06-07,36
Daniil Kvyat,2015,26,2015-06-21,10
Max Verstappen,2015,6,2015-02-01,5
Max Verstappen,2016,11,2016-03-06,29
Nico Rosberg,2015,50,2015-12-06,22
Kimi Raikkonen,2016,10,2016-02-28,45
Valtteri Bottas,2015,30,2015-07-19,44
Kevin Magnussen,2015,38,2015-09-13,5
Nico Hulkenberg,2016,7,2016-02-07,3
Pascal Wehrlein,2016,15,2016-04-03,2
Nico Hulkenberg,2015,47,2015-11-15,21
Sergio Perez,2016,2,2016-01-03,4
Esteban Gutierrez,2015,38,2015-09-13,1
Kimi Raikkonen,2015,44,2015-10-25,64
Nico Hulkenberg,2015,4,2015-01-18,1
Kimi Raikkonen,2015,46,2015-11-08,56
Jenson Button,2015,38,2015-09-13,42
Nico Rosberg,2015,52,2015-12-20,8
Max Verstappen,2015,10,2015-03-01,3
Lewis Hamilton,2015,28,2015-07-05,41
Pascal Wehrlein,2015,53,2015-12-27,1
Kimi Raikkonen,2015,48,2015-11-22,54
Esteban Gutierrez,2015,34,2015-08-16,7
Sergio Perez,2016,4,2016-01-17,8
Nico Hulkenberg,2016,11,2016-03-06,5
Sebastian Vettel,2015,16,2015-04-12,32
Nico Rosberg,2015,9,2015-02-22,7
Valtteri Bottas,2015,28,2015-07-05,34
Daniil Kvyat,2015,24,2015-06-07,15
Lewis Hamilton,2015,26,2015-06-21,45
Kevin Magnussen,2015,36,2015-08-30,12
Kimi Raikkonen,2016,8,2016-02-14,9
Pascal Wehrlein,2016,11,2016-03-06,8
Kevin Magnussen,2016,2,2016-01-03,2
Rio Haryanto,2015,41,2015-10-04,1
Max Verstappen,2015,8,2015-02-15,4
Felipe Nasr,2016,18,2016-04-24,25
Nico Hulkenberg,2016,14,2016-03-27,2
Kimi Raikkonen,2016,5,2016-01-24,10
Esteban Gutierrez,2015,31,2015-07-26,4
Fernando Alonso,2015,35,2015-08-23,23
Pascal Wehrlein,2015,48,2015-11-22,5
Kevin Magnussen,2015,41,2015-10-04,1
Nico Rosberg,2015,45,2015-11-01,84
Kevin Magnussen,2015,43,2015-10-18,6
Daniel Ricciardo,2016,5,2016-01-24,10
Kimi Raikkonen,2015,39,2015-09-20,52
Pascal Wehrlein,2015,11,2015-03-08,1
Jenson Button,2015,31,2015-07-26,23
Felipe Massa,2015,29,2015-07-12,9
Pascal Wehrlein,2015,50,2015-12-06,1
Rio Haryanto,2015,36,2015-08-30,1
Kimi Raikkonen,2015,41,2015-10-04,59
Nico Hulkenberg,2015,50,2015-12-06,4
Fernando Alonso,2015,37,2015-09-06,28
Pascal Wehrlein,2015,52,2015-12-20,3
Nico Rosberg,2015,47,2015-11-15,83
Rio Haryanto,2015,34,2015-08-16,1
Marcus Ericsson,2015,33,2015-08-09,4
Pascal Wehrlein,2016,18,2016-04-24,85
Jenson Button,2015,33,2015-08-09,8
Lewis Hamilton,2015,33,2015-08-09,6
Kimi Raikkonen,2016,7,2016-02-07,5
Max Verstappen,2015,9,2015-02-22,3
Nico Rosberg,2015,53,2015-12-27,5
Jenson Button,2015,39,2015-09-20,66
Lewis Hamilton,2015,27,2015-06-28,95
Kimi Raikkonen,2015,45,2015-11-01,60
Kimi Raikkonen,2016,9,2016-02-21,29
Kevin Magnussen,2015,37,2015-09-06,9
Valtteri Bottas,2015,29,2015-07-12,16
Lewis Hamilton,2015,25,2015-06-14,52
Max Verstappen,2016,10,2016-02-28,18
Pascal Wehrlein,2016,14,2016-03-27,2
Jenson Button,2015,35,2015-08-23,28
Jenson Button,2015,37,2015-09-06,20
Nico Rosberg,2015,51,2015-12-13,22
Daniil Kvyat,2015,27,2015-06-28,32
Valtteri Bottas,2015,31,2015-07-26,28
Sebastian Vettel,2015,13,2015-03-22,15
Nico Rosberg,2015,12,2015-03-15,11
Max Verstappen,2015,50,2015-12-06,7
Kevin Magnussen,2015,39,2015-09-20,13
Nico Hulkenberg,2015,46,2015-11-08,38
Esteban Gutierrez,2015,37,2015-09-06,5
Max Verstappen,2016,14,2016-03-27,3
Daniil Kvyat,2015,23,2015-05-31,25
Fernando Alonso,2015,41,2015-10-04,39
Nico Hulkenberg,2016,8,2016-02-14,3
Sergio Perez,2016,1,2015-12-27,1
Max Verstappen,2016,12,2016-03-13,72
Nico Hulkenberg,2015,48,2015-11-22,34
Kevin Magnussen,2016,3,2016-01-10,8
Sergio Perez,2016,3,2016-01-10,2
Daniil Kvyat,2015,25,2015-06-14,27
Nico Rosberg,2015,10,2015-03-01,9
Sebastian Vettel,2015,15,2015-04-05,22
Max Verstappen,2015,52,2015-12-20,4
Nico Rosberg,2015,49,2015-11-29,56
Sergio Perez,2016,5,2016-01-24,3
Nico Rosberg,2015,8,2015-02-15,6
Sebastian Vettel,2015,17,2015-04-19,12
Kimi Raikkonen,2015,47,2015-11-15,34
Rio Haryanto,2015,40,2015-09-27,1
Max Verstappen,2015,48,2015-11-22,34
Fernando Alonso,2015,39,2015-09-20,57
Pascal Wehrlein,2016,12,2016-03-13,18
Esteban Gutierrez,2015,35,2015-08-23,2
Nico Hulkenberg,2015,44,2015-10-25,40
Valtteri Bottas,2015,27,2015-06-28,48
Nico Hulkenberg,2016,10,2016-02-28,22
Fernando Alonso,2016,14,2016-03-27,5
Rio Haryanto,2015,42,2015-10-11,2
Kimi Raikkonen,2015,52,2015-12-20,6
Kimi Raikkonen,2015,50,2015-12-06,6
Romain Grosjean,2016,15,2016-04-03,2
Felipe Nasr,2015,28,2015-07-05,10
Kimi Raikkonen,2016,16,2016-04-10,16
Romain Grosjean,2016,13,2016-03-20,31
Kimi Raikkonen,2016,12,2016-03-13,35
Esteban Gutierrez,2015,20,2015-05-10,4
Rio Haryanto,2016,6,2016-01-31,3
Valtteri Bottas,2015,13,2015-03-22,10
Daniil Kvyat,2015,38,2015-09-13,39
Nico Hulkenberg,2015,22,2015-05-24,11
Kevin Magnussen,2015,52,2015-12-20,1
Fernando Alonso,2016,18,2016-04-24,29
Daniil Kvyat,2015,40,2015-09-27,17
Lewis Hamilton,2015,44,2015-10-25,145
Esteban Gutierrez,2016,23,2016-05-29,13
Romain Grosjean,2015,51,2015-12-13,8
Carlos Sainz,2015,41,2015-10-04,50
Valtteri Bottas,2015,11,2015-03-08,11
Kevin Magnussen,2015,13,2015-03-22,2
Kevin Magnussen,2016,18,2016-04-24,79
Felipe Nasr,2015,26,2015-06-21,9
Lewis Hamilton,2016,4,2016-01-17,14
Pascal Wehrlein,2015,20,2015-05-10,5
Kimi Raikkonen,2015,9,2015-02-22,4
Valtteri Bottas,2016,16,2016-04-10,14
Lewis Hamilton,2015,42,2015-10-11,80
Kevin Magnussen,2015,15,2015-04-05,2
Daniil Kvyat,2015,42,2015-10-11,16
Jolyon Palmer,2016,21,2016-05-15,44
Nico Hulkenberg,2015,20,2015-05-10,2
Felipe Nasr,2015,24,2015-06-07,4
Valtteri Bottas,2016,18,2016-04-24,36
Kimi Raikkonen,2015,11,2015-03-08,13
Daniil Kvyat,2016,4,2016-01-17,4
Kevin Magnussen,2015,11,2015-03-08,14
Max Verstappen,2015,13,2015-03-22,8
Valtteri Bottas,2016,20,2016-05-08,26
Jolyon Palmer,2016,19,2016-05-01,21
Kevin Magnussen,2016,14,2016-03-27,1
Kevin Magnussen,2016,16,2016-04-10,13
Valtteri Bottas,2015,15,2015-04-05,8
Daniil Kvyat,2016,2,2016-01-03,4
Rio Haryanto,2016,8,2016-02-14,15
Carlos Sainz,2015,43,2015-10-18,14
Fernando Alonso,2016,16,2016-04-10,19
Max Verstappen,2015,15,2015-04-05,2
Lewis Hamilton,2015,40,2015-09-27,79
Max Verstappen,2016,20,2016-05-08,103
Esteban Gutierrez,2015,22,2015-05-24,2
Lewis Hamilton,2016,6,2016-01-31,7
Nico Hulkenberg,2016,23,2016-05-29,23
Jolyon Palmer,2015,53,2015-12-27,3
Pascal Wehrlein,2015,26,2015-06-21,11
Jolyon Palmer,2016,17,2016-04-17,10
Felipe Nasr,2015,30,2015-07-19,30
Valtteri Bottas,2016,22,2016-05-22,23
Max Verstappen,2016,22,2016-05-22,121
Jolyon Palmer,2015,51,2015-12-13,4
Nico Hulkenberg,2016,21,2016-05-15,13
Kimi Raikkonen,2015,17,2015-04-19,12
Esteban Gutierrez,2015,26,2015-06-21,6
Kimi Raikkonen,2015,13,2015-03-22,8
Max Verstappen,2015,19,2015-05-03,17
Rio Haryanto,2015,52,2015-12-20,3
Felipe Nasr,2015,32,2015-08-02,4
Nico Hulkenberg,2015,14,2015-03-29,2
Kimi Raikkonen,2016,18,2016-04-24,50
Nico Hulkenberg,2016,19,2016-05-01,14
Rio Haryanto,2016,10,2016-02-28,11
Valtteri Bottas,2015,17,2015-04-19,4
Lewis Hamilton,2016,2,2016-01-03,16
Romain Grosjean,2015,6,2015-02-01,4
Romain Grosjean,2016,11,2016-03-06,6
Valtteri Bottas,2015,19,2015-05-03,22
Rio Haryanto,2016,12,2016-03-13,31
Kevin Magnussen,2016,12,2016-03-13,39
Romain Grosjean,2015,45,2015-11-01,19
Romain Grosjean,2016,9,2016-02-21,33
Kimi Raikkonen,2016,20,2016-05-08,50
Fernando Alonso,2016,20,2016-05-08,41
Romain Grosjean,2015,47,2015-11-15,28
Nico Rosberg,2015,19,2015-05-03,30
Rio Haryanto,2015,50,2015-12-06,3
Max Verstappen,2015,17,2015-04-19,2
Felipe Massa,2016,12,2016-03-13,24
Kevin Magnussen,2015,50,2015-12-06,1
Nico Hulkenberg,2015,16,2015-04-12,7
Lewis Hamilton,2015,38,2015-09-13,74
Kevin Magnussen,2016,10,2016-02-28,16
Romain Grosjean,2015,49,2015-11-29,18
Nico Rosberg,2015,21,2015-05-17,49
Fernando Alonso,2014,53,2014-12-28,1
Kevin Magnussen,2015,9,2015-02-22,8
Rio Haryanto,2016,14,2016-03-27,2
Kimi Raikkonen,2015,15,2015-04-05,8
Rio Haryanto,2015,48,2015-11-22,1
Nico Hulkenberg,2016,17,2016-04-17,9
Fernando Alonso,2016,22,2016-05-22,89
Max Verstappen,2015,21,2015-05-17,25
Jolyon Palmer,2016,13,2016-03-20,17
Marcus Ericsson,2015,13,2015-03-22,4
Nico Rosberg,2015,25,2015-06-14,55
Max Verstappen,2015,23,2015-05-31,30
Daniil Kvyat,2015,50,2015-12-06,5
Valtteri Bottas,2015,46,2015-11-08,45
Daniil Kvyat,2016,12,2016-03-13,31
Rio Haryanto,2016,18,2016-04-24,40
Pascal Wehrlein,2015,28,2015-07-05,2
Jenson Button,2015,11,2015-03-08,17
Nico Rosberg,2015,23,2015-05-31,45
Daniil Kvyat,2015,48,2015-11-22,32
Marcus Ericsson,2015,11,2015-03-08,8
Valtteri Bottas,2016,8,2016-02-14,11
Esteban Gutierrez,2015,10,2015-03-01,1
Lewis Hamilton,2016,14,2016-03-27,4
Daniil Kvyat,2016,14,2016-03-27,1
Fernando Alonso,2015,17,2015-04-19,10
Rio Haryanto,2016,16,2016-04-10,10
Jenson Button,2015,9,2015-02-22,16
Kimi Raikkonen,2015,19,2015-05-03,15
Lewis Hamilton,2015,11,2015-03-08,26
Marcus Ericsson,2015,9,2015-02-22,4
Daniil Kvyat,2015,52,2015-12-20,4
Max Verstappen,2015,25,2015-06-14,22
Lewis Hamilton,2016,16,2016-04-10,21
Lewis Hamilton,2015,50,2015-12-06,40
Fernando Alonso,2015,15,2015-04-05,12
Fernando Alonso,2016,6,2016-01-31,16
Esteban Gutierrez,2015,12,2015-03-15,1
Kimi Raikkonen,2015,23,2015-05-31,30
Daniil Kvyat,2015,9,2015-02-22,6
Esteban Gutierrez,2016,15,2016-04-03,1
Sergio Perez,2016,20,2016-05-08,23
Lewis Hamilton,2015,9,2015-02-22,14
Kimi Raikkonen,2016,22,2016-05-22,44
Valtteri Bottas,2016,6,2016-01-31,5
Lewis Hamilton,2015,52,2015-12-20,19
Fernando Alonso,2016,4,2016-01-17,12
Daniil Kvyat,2015,11,2015-03-08,5
Nico Rosberg,2015,27,2015-06-28,75
Kimi Raikkonen,2015,21,2015-05-17,34
Jenson Button,2015,13,2015-03-22,7
Rio Haryanto,2016,20,2016-05-08,18
Sergio Perez,2015,27,2015-06-28,26
Sergio Perez,2016,18,2016-04-24,32
Pascal Wehrlein,2015,32,2015-08-02,4
Lewis Hamilton,2015,48,2015-11-22,84
Esteban Gutierrez,2016,21,2016-05-15,14
Lewis Hamilton,2016,10,2016-02-28,45
Valtteri Bottas,2015,48,2015-11-22,36
Kevin Magnussen,2016,20,2016-05-08,70
Valtteri Bottas,2016,12,2016-03-13,24
Nico Hulkenberg,2015,26,2015-06-21,22
Rio Haryanto,2016,22,2016-05-22,35
Esteban Gutierrez,2016,19,2016-05-01,10
Jenson Button,2015,15,2015-04-05,8
Valtteri Bottas,2015,50,2015-12-06,4
Lewis Hamilton,2016,8,2016-02-14,15
Esteban Gutierrez,2016,17,2016-04-17,30
Nico Hulkenberg,2015,28,2015-07-05,16
Pascal Wehrlein,2015,36,2015-08-30,2
Daniel Ricciardo,2015,21,2015-05-17,28
Fernando Alonso,2016,12,2016-03-13,119
Jenson Button,2015,17,2015-04-19,9
Nico Rosberg,2015,31,2015-07-26,46
Daniil Kvyat,2015,46,2015-11-08,37
Max Verstappen,2015,31,2015-07-26,34
Kimi Raikkonen,2015,25,2015-06-14,39
Valtteri Bottas,2016,10,2016-02-28,20
Daniil Kvyat,2016,6,2016-01-31,3
Sergio Perez,2016,22,2016-05-22,29
Pascal Wehrlein,2015,34,2015-08-16,1
Daniil Kvyat,2015,44,2015-10-25,48
Valtteri Bottas,2015,7,2015-02-08,1
Valtteri Bottas,2015,52,2015-12-20,5
Daniil Kvyat,2016,8,2016-02-14,3
Fernando Alonso,2016,8,2016-02-14,6
Max Verstappen,2015,29,2015-07-12,11
Nico Rosberg,2015,33,2015-08-09,8
Sebastian Vettel,2015,38,2015-09-13,65
Kevin Magnussen,2016,22,2016-05-22,68
Valtteri Bottas,2015,9,2015-02-22,4
Max Verstappen,2015,27,2015-06-28,42
Nico Rosberg,2015,29,2015-07-12,13
Fernando Alonso,2016,10,2016-02-28,32
Daniil Kvyat,2016,10,2016-02-28,11
Lewis Hamilton,2016,12,2016-03-13,165
Nico Hulkenberg,2015,24,2015-06-07,16
Lewis Hamilton,2015,46,2015-11-08,95
Daniel Ricciardo,2015,23,2015-05-31,29
Sebastian Vettel,2015,42,2015-10-11,65
Fernando Alonso,2015,7,2015-02-08,1
Jolyon Palmer,2015,39,2015-09-20,7
Daniel Ricciardo,2015,25,2015-06-14,32
Jenson Button,2016,18,2016-04-24,43
Sergio Perez,2015,19,2015-05-03,13
Sebastian Vettel,2016,4,2016-01-17,10
Sergio Perez,2015,17,2015-04-19,3
Nico Rosberg,2015,37,2015-09-06,42
Sebastian Vettel,2015,40,2015-09-27,58
Sebastian Vettel,2016,6,2016-01-31,12
Felipe Massa,2015,15,2015-04-05,5
Jenson Button,2015,23,2015-05-31,34
Carlos Sainz,2015,21,2015-05-17,24
Daniel Ricciardo,2015,27,2015-06-28,54
Marcus Ericsson,2015,23,2015-05-31,19
Fernando Alonso,2015,48,2015-11-22,48
Felipe Massa,2015,17,2015-04-19,3
Carlos Sainz,2015,25,2015-06-14,24
Marcus Ericsson,2015,19,2015-05-03,8
Romain Grosjean,2015,31,2015-07-26,24
Jenson Button,2015,19,2015-05-03,20
Romain Grosjean,2015,33,2015-08-09,3
Fernando Alonso,2015,46,2015-11-08,43
Jenson Button,2015,21,2015-05-17,33
Marcus Ericsson,2015,21,2015-05-17,9
Carlos Sainz,2015,23,2015-05-31,23
Jenson Button,2016,16,2016-04-10,14
Nico Rosberg,2015,35,2015-08-23,42
Sebastian Vettel,2016,2,2016-01-03,11
Fernando Alonso,2015,44,2015-10-25,53
Max Verstappen,2015,33,2015-08-09,7
Daniil Kvyat,2016,22,2016-05-22,97
Pascal Wehrlein,2015,38,2015-09-13,5
Sergio Perez,2015,21,2015-05-17,13
Sebastian Vettel,2015,7,2015-02-08,4
Jenson Button,2015,25,2015-06-14,31
Nico Rosberg,2015,39,2015-09-20,73
Sergio Perez,2016,16,2016-04-10,8
Felipe Massa,2015,11,2015-03-08,11
Sergio Perez,2016,14,2016-03-27,1
Felipe Massa,2015,9,2015-02-22,8
Sebastian Vettel,2015,44,2015-10-25,95
Sergio Perez,2015,23,2015-05-31,29
Felipe Massa,2015,13,2015-03-22,6
Sergio Perez,2015,25,2015-06-14,22
Felipe Nasr,2015,12,2015-03-15,6
Marcus Ericsson,2015,17,2015-04-19,1
Carlos Sainz,2015,29,2015-07-12,7
Daniil Kvyat,2015,13,2015-03-22,5
Daniel Ricciardo,2015,33,2015-08-09,9
Carlos Sainz,2015,27,2015-06-28,37
Fernando Alonso,2015,9,2015-02-22,18
Sebastian Vettel,2015,46,2015-11-08,74
Felipe Massa,2015,52,2015-12-20,4
Lewis Hamilton,2016,18,2016-04-24,82
Daniil Kvyat,2016,20,2016-05-08,83
Sebastian Vettel,2015,48,2015-11-22,66
Daniel Ricciardo,2015,31,2015-07-26,44
Fernando Alonso,2015,13,2015-03-22,17
Fernando Alonso,2015,50,2015-12-06,19
Daniil Kvyat,2016,18,2016-04-24,41
Sebastian Vettel,2016,10,2016-02-28,40
Lewis Hamilton,2016,20,2016-05-08,106
Fernando Alonso,2015,11,2015-03-08,15
Daniel Ricciardo,2015,29,2015-07-12,24
Sebastian Vettel,2016,8,2016-02-14,12
Daniil Kvyat,2016,16,2016-04-10,7
Sergio Perez,2016,12,2016-03-13,27
Fernando Alonso,2015,52,2015-12-20,10
Felipe Nasr,2015,10,2015-03-01,4
Jenson Button,2015,27,2015-06-28,57
Felipe Massa,2015,50,2015-12-06,2
Nico Rosberg,2015,41,2015-10-04,124
Daniel Ricciardo,2015,37,2015-09-06,30
Kevin Magnussen,2016,4,2016-01-17,1
Carlos Sainz,2015,33,2015-08-09,5
Felipe Massa,2015,25,2015-06-14,32
Sergio Perez,2015,7,2015-02-08,1
Daniel Ricciardo,2016,1,2015-12-27,2
Nico Hulkenberg,2015,12,2015-03-15,1
Kevin Magnussen,2016,6,2016-01-31,22
Romain Grosjean,2016,3,2016-01-10,4
Sergio Perez,2015,9,2015-02-22,2
Felipe Nasr,2015,14,2015-03-29,2
Kevin Magnussen,2015,44,2015-10-25,6
Daniel Ricciardo,2015,35,2015-08-23,27
Sebastian Vettel,2015,9,2015-02-22,11
Nico Hulkenberg,2015,10,2015-03-01,3
Romain Grosjean,2016,5,2016-01-24,6
Sergio Perez,2015,11,2015-03-08,8
Sebastian Vettel,2015,52,2015-12-20,9
Kevin Magnussen,2015,46,2015-11-08,6
Jolyon Palmer,2015,49,2015-11-29,11
Carlos Sainz,2015,35,2015-08-23,13
Marcus Ericsson,2015,29,2015-07-12,2
Marcus Ericsson,2016,22,2016-05-22,32
Nico Hulkenberg,2015,8,2015-02-15,1
Jolyon Palmer,2016,9,2016-02-21,26
Sebastian Vettel,2016,12,2016-03-13,87
Marcus Ericsson,2016,18,2016-04-24,23
Felipe Massa,2016,14,2016-03-27,1
Jolyon Palmer,2015,47,2015-11-15,2
Felipe Nasr,2016,19,2016-05-01,4
Romain Grosjean,2016,7,2016-02-07,2
Sebastian Vettel,2015,50,2015-12-06,12
Felipe Massa,2016,16,2016-04-10,13
Jolyon Palmer,2016,11,2016-03-06,6
Sergio Perez,2015,52,2015-12-20,2
Marcus Ericsson,2016,20,2016-05-08,13
Sebastian Vettel,2016,14,2016-03-27,1
Nico Hulkenberg,2016,15,2016-04-03,1
Marcus Ericsson,2015,31,2015-07-26,16
Romain Grosjean,2015,43,2015-10-18,19
Kevin Magnussen,2016,8,2016-02-14,3
Daniel Ricciardo,2016,3,2016-01-10,6
Jolyon Palmer,2015,8,2015-02-15,3
Sebastian Vettel,2016,16,2016-04-10,18
Sebastian Vettel,2015,11,2015-03-08,16
Felipe Nasr,2016,21,2016-05-15,10
Romain Grosjean,2015,41,2015-10-04,38
Felipe Nasr,2015,16,2015-04-12,7
Carlos Sainz,2015,31,2015-07-26,13
Marcus Ericsson,2015,27,2015-06-28,27
Romain Grosjean,2016,1,2015-12-27,2
Felipe Massa,2016,22,2016-05-22,33
Fernando Alonso,2015,42,2015-10-11,32
Romain Grosjean,2015,39,2015-09-20,48
Sebastian Vettel,2016,18,2016-04-24,64
Romain Grosjean,2015,37,2015-09-06,18
Jolyon Palmer,2015,41,2015-10-04,6
Daniel Ricciardo,2015,39,2015-09-20,74
Marcus Ericsson,2015,25,2015-06-14,14
Sebastian Vettel,2016,20,2016-05-08,62
Felipe Massa,2015,23,2015-05-31,30
Jenson Button,2016,22,2016-05-22,71
Felipe Massa,2015,21,2015-05-17,14
Jolyon Palmer,2015,43,2015-10-18,6
Felipe Nasr,2015,20,2015-05-10,2
Daniel Ricciardo,2015,41,2015-10-04,33
Felipe Massa,2016,20,2016-05-08,63
Max Verstappen,2015,11,2015-03-08,9
Rio Haryanto,2016,4,2016-01-17,1
Jolyon Palmer,2016,3,2016-01-10,5
Jenson Button,2016,20,2016-05-08,31
Sergio Perez,2015,15,2015-04-05,1
Carlos Sainz,2016,1,2015-12-27,6
Felipe Nasr,2015,22,2015-05-24,9
Carlos Sainz,2016,3,2016-01-10,13
Nico Hulkenberg,2015,6,2015-02-01,2
Sergio Perez,2015,13,2015-03-22,3
Felipe Massa,2015,19,2015-05-03,13
Kimi Raikkonen,2015,7,2015-02-08,1
Felipe Nasr,2016,23,2016-05-29,16
Carlos Sainz,2015,39,2015-09-20,55
Jolyon Palmer,2015,45,2015-11-01,3
Jolyon Palmer,2016,5,2016-01-24,4
Felipe Massa,2016,18,2016-04-24,32
Jolyon Palmer,2016,7,2016-02-07,2
Carlos Sainz,2015,37,2015-09-06,9
Daniel Ricciardo,2015,43,2015-10-18,22
Romain Grosjean,2015,35,2015-08-23,37
